University Name,Address
"Northeastern University, Boston","Northeastern University, Boston, Massachusetts, United States"
University of Southern California,"University of Southern California, California, United States"
University at Buffalo SUNY,"University at Buffalo SUNY, New York, United States"
San Jose State University,"San Jose State University, California, United States"
Carnegie Mellon University,"Carnegie Mellon University, Pennsylvania, United States"
Illinois Institute of Technology,"Illinois Institute of Technology, Illinois, United States"
University of Florida,"University of Florida, Florida, United States"
"University of California, Los Angeles","University of California, Los Angeles, California, United States"
University of Toronto,"University of Toronto, Ontario, Canada"
Stony Brook University,"Stony Brook University, New York, United States"
University of Cincinnati,"University of Cincinnati, Ohio, United States"
New Jersey Institute of Technology,"New Jersey Institute of Technology, New Jersey, United States"
Rochester Institute of Technology,"Rochester Institute of Technology, New York, United States"
Stevens Institute of Technology,"Stevens Institute of Technology, New Jersey, United States"
Northwestern University,"Northwestern University, Illinois, United States"
Boston University,"Boston University, Massachusetts, United States"
Iowa State University,"Iowa State University, Iowa, United States"
University of North Texas,"University of North Texas, Texas, United States"
Duke University,"Duke University, North Carolina, United States"
"University of Michigan, Dearborn","University of Michigan, Dearborn, Michigan, United States"
York University,"York University, Toronto, Canada"
Oregon State University,"Oregon State University, Oregon, United States"
Toronto Metropolitan University,"Toronto Metropolitan University, Toronto, Canada"
Worcester Polytechnic Institute,"Worcester Polytechnic Institute, Massachusetts, United States"
San Francisco State University,"San Francisco State University, California, United States"
Wayne State University,"Wayne State University, Michigan, United States"
Kent State University,"Kent State University, Ohio, United States"
DePaul University,"DePaul University, Illinois, United States"
Imperial College London,"Imperial College London, London, United Kingdom"
Monash University,"Monash University, Victoria, Australia"
University of Texas at San Antonio,"University of Texas at San Antonio, Texas, United States"
Nanyang Technological University,"Nanyang Technological University, Singapore, Singapore"
University of Georgia,"University of Georgia, Georgia, United States"
Memorial University of Newfoundland,"Memorial University of Newfoundland, Newfoundland & Labrador, Canada"
Deakin University,"Deakin University, Victoria, Australia"
RMIT University,"RMIT University, Victoria, Australia"
University of Bridgeport,"University of Bridgeport, Connecticut, United States"
Technische Universität Darmstadt,"Technische Universität Darmstadt, Hesse, Germany"
The University of Edinburgh,"The University of Edinburgh, Edinburgh, United Kingdom"
Lawrence Technological University,"Lawrence Technological University, Michigan, United States"
University of Guelph,"University of Guelph, Ontario, Canada"
Friedrich-Alexander-Universität Erlangen-Nürnberg,"Friedrich-Alexander-Universität Erlangen-Nürnberg, Bavaria, Germany"
Laval University,"Laval University, Quebec, Canada"
Saarland University,"Saarland University, Saarland, Germany"
The University of Adelaide,"The University of Adelaide, South Australia, Australia"
University of Warwick,"University of Warwick, Coventry, United Kingdom"
"Curtin University, Perth","Curtin University, Perth, Western Australia, Australia"
Eindhoven University of Technology,"Eindhoven University of Technology, North Brabant, Netherlands"
University of Technology Sydney,"University of Technology Sydney, New South Wales, Australia"
"Long Island University, Brooklyn","Long Island University, Brooklyn, New York, United States"
King's College London,"King's College London, London, United Kingdom"
University of Amsterdam,"University of Amsterdam, Amsterdam, Netherlands"
La Trobe University,"La Trobe University, Melbourne, Australia"
The University of Manchester,"The University of Manchester, Manchester, United Kingdom"
Chalmers University of Technology,"Chalmers University of Technology, Stockholms l'n, Sweden"
Macquarie University,"Macquarie University, New South Wales, Australia"
Florida Atlantic University,"Florida Atlantic University, Florida, United States"
Queen Mary University of London,"Queen Mary University of London, London, United Kingdom"
University of Canterbury,"University of Canterbury, Canterbury, New Zealand"
University of Groningen,"University of Groningen, Groningen, Netherlands"
University of Birmingham,"University of Birmingham, Birmingham, United Kingdom"
Tokyo Institute of Technology,"Tokyo Institute of Technology, Tokyo, Japan"
Cardiff University,"Cardiff University, Cardiff, United Kingdom"
Loughborough University,"Loughborough University, Leicestershire, United Kingdom"
University of Bremen,"University of Bremen, Bremen, Germany"
Fairfax University of America,"Fairfax University of America, Virginia, United States"
Saint Louis University,"Saint Louis University, Missouri, United States"
The University of Sheffield,"The University of Sheffield, Sheffield, United Kingdom"
Brandenburg University of Technology,"Brandenburg University of Technology, Brandenburg, Germany"
University of Strathclyde,"University of Strathclyde, Glasgow City, United Kingdom"
Western Sydney University,"Western Sydney University, New South Wales, Australia"
University of Southampton,"University of Southampton, Southampton, United Kingdom"
University of Winnipeg,"University of Winnipeg, Manitoba, Canada"
Utrecht University,"Utrecht University, Utrecht, Netherlands"
Flinders University,"Flinders University, South Australia, Australia"
Ecole Polytechnique,"Ecole Polytechnique, Palaiseau, France"
"City, University of London","City, University of London, London, United Kingdom"
University of Nottingham,"University of Nottingham, Nottingham, United Kingdom"
University of Passau,"University of Passau, Bavaria, Germany"
Heriot-Watt University,"Heriot-Watt University, Edinburgh, United Kingdom"
Brunel University,"Brunel University, London, United Kingdom"
University of Waikato,"University of Waikato, Waikato, New Zealand"
University of Zurich,"University of Zurich, Z'rich, Switzerland"
Kyoto University,"Kyoto University, Kyoto, Japan"
Victoria University of Wellington,"Victoria University of Wellington, Wellington, New Zealand"
Vrije Universiteit Amsterdam,"Vrije Universiteit Amsterdam, North Holland, Netherlands"
Queen's University Belfast,"Queen's University Belfast, Belfast, United Kingdom"
Leiden University,"Leiden University, South Holland, Netherlands"
University of York,"University of York, York, United Kingdom"
"Royal Holloway, University of London","Royal Holloway, University of London, Surrey, United Kingdom"
Oxford Brookes University,"Oxford Brookes University, Oxfordshire, United Kingdom"
Aston University,"Aston University, Birmingham, United Kingdom"
Stockholm University,"Stockholm University, Stockholms l'n, Sweden"
University of Essex,"University of Essex, Essex, United Kingdom"
Cranfield University,"Cranfield University, Bedford, United Kingdom"
University of Reading,"University of Reading, Reading, United Kingdom"
Teesside University,"Teesside University, Darlington, United Kingdom"
Coventry University,"Coventry University, Coventry, United Kingdom"
University of Aberdeen,"University of Aberdeen, Aberdeen City, United Kingdom"
Maastricht University,"Maastricht University, Limburg, Netherlands"
University of St Andrews,"University of St Andrews, Fife, United Kingdom"
Heinrich Heine University Düsseldorf,"Heinrich Heine University Düsseldorf, North Rhine-Westphilia, Germany"
University of Düsseldorf (Heinrich-Heine),"University of Düsseldorf (Heinrich-Heine), North Rhine-Westphilia, Germany"
Birmingham City University,"Birmingham City University, Birmingham, United Kingdom"
Technical University of Denmark,"Technical University of Denmark, Copenhagen, Denmark"
Swansea University,"Swansea University, Wales, United Kingdom"
University of East London,"University of East London, London, United Kingdom"
University of Hertfordshire,"University of Hertfordshire, Hertfordshire, United Kingdom"
"Seneca College, Newnham","Seneca College, Newnham, Toronto, Canada"
University of Trier,"University of Trier, Rhineland-Palatinate, Germany"
Lambton College,"Lambton College, Sarnia, Canada"
Radboud University,"Radboud University, Gelderland, Netherlands"
University of Kent,"University of Kent, Kent, United Kingdom"
University of Surrey,"University of Surrey, Surrey, United Kingdom"
University of Greenwich,"University of Greenwich, London, United Kingdom"
University of Huddersfield,"University of Huddersfield, York, United Kingdom"
"EDHEC Business School,Lille","EDHEC Business School,Lille, Paris, France"
"Conestoga College, Waterloo","Conestoga College, Waterloo, Waterloo, Canada"
Anglia Ruskin University,"Anglia Ruskin University, London, United Kingdom"
University of Hull,"University of Hull, Kingston upon Hull, United Kingdom"
"Humber College, North","Humber College, North, Toronto, Canada"
Loyalist College,"Loyalist College, Belleville, Canada"
"Nottingham Trent University, Clifton Campus","Nottingham Trent University, Clifton Campus, Nottingham, United Kingdom"
University of Stirling,"University of Stirling, Stirling, United Kingdom"
"Northumbria University, Newcastle","Northumbria University, Newcastle, Newcastle upon Tyne, United Kingdom"
ESIEE Paris,"ESIEE Paris, Paris, France"
Yeshiva University,"Yeshiva University, New York, United States"
University of Bradford,"University of Bradford, Bradford, United Kingdom"
Aberystwyth University,"Aberystwyth University, Wales, United Kingdom"
Manchester Metropolitan University,"Manchester Metropolitan University, Manchester, United Kingdom"
Umea University,"Umea University, V'sterbottens l'n, Sweden"
Sheffield Hallam University,"Sheffield Hallam University, Sheffield, United Kingdom"
"George Brown College, Casa Loma Campus","George Brown College, Casa Loma Campus, Toronto, Canada"
University of Wolverhampton,"University of Wolverhampton, Wolverhampton, United Kingdom"
University of South Wales,"University of South Wales, Wales, United Kingdom"
Università della Svizzera italiana,"Università della Svizzera italiana, Appenzell Ausserrhoden, Switzerland"
Technical University of Ingolstadt,"Technical University of Ingolstadt, Bavaria, Germany"
"Durham College, Oshawa","Durham College, Oshawa, Oshawa, Canada"
Bournemouth University,"Bournemouth University, Bournemouth, United Kingdom"
University of Bologna,"University of Bologna, Bologna, Italy"
"Algonquin College, Ottawa","Algonquin College, Ottawa, Ottawa, Canada"
Deggendorf Institute of Technology,"Deggendorf Institute of Technology, Bavaria, Germany"
ESMT Berlin,"ESMT Berlin, Berlin, Germany"
Ulster University,"Ulster University, Coleraine, United Kingdom"
Edge Hill University,"Edge Hill University, Lancashire, United Kingdom"
Liverpool John Moores University,"Liverpool John Moores University, Liverpool, United Kingdom"
SRH Hochschule Berlin,"SRH Hochschule Berlin, Berlin, Germany"
University of Plymouth,"University of Plymouth, Plymouth, United Kingdom"
Falmouth University,"Falmouth University, Cornwall, United Kingdom"
University of West London,"University of West London, London, United Kingdom"
Maastricht Universities,"Maastricht Universities, Limburg, Netherlands"
London Metropolitan University,"London Metropolitan University, London, United Kingdom"
Hong Kong Baptist University,"Hong Kong Baptist University, Kowloon, Hong Kong"
University of the West of England,"University of the West of England, Bristol, United Kingdom"
Hochschule Neu-Ulm University of Applied Sciences,"Hochschule Neu-Ulm University of Applied Sciences, Bavaria, Germany"
EU Business School,"EU Business School, Bavaria, Germany"
Universite Cote d'Azur,"Universite Cote d'Azur, Nice, France"
Hof University of Applied Sciences,"Hof University of Applied Sciences, Bavaria, Germany"
University of Wales Trinity Saint David,"University of Wales Trinity Saint David, Swansea, United Kingdom"
Universitat Politècnica de Catalunya- BarcelonaTech,"Universitat Politècnica de Catalunya- BarcelonaTech, Barcelona, Spain"
EADA Business School,"EADA Business School, Barcelona, Spain"
University of Trento,"University of Trento, Trento, Italy"
University of Barcelona,"University of Barcelona, Barcelona, Spain"
Johannes Kepler University Linz,"Johannes Kepler University Linz, Upper Austria, Austria"
Institut Polytechnique de Paris,"Institut Polytechnique de Paris, Palaiseau, France"
"Long Island University, Post","Long Island University, Post, New York, United States"
"Northeastern University, Portland","Northeastern University, Portland, Maine, United States"
University of Applied Sciences Würzburg - Schweinfurt,"University of Applied Sciences Würzburg - Schweinfurt, Bavaria, Germany"
Technical University of Nuremberg,"Technical University of Nuremberg, Bavaria, Germany"
University of Houston - Downtown,"University of Houston - Downtown, Texas, United States"
"Fleming College, Sutherland","Fleming College, Sutherland, Peterborough, Canada"
IU International University of Applied Sciences,"IU International University of Applied Sciences, Berlin, Germany"
Technical University of Applied Sciences Würzburg-Schweinfurt,"Technical University of Applied Sciences Würzburg-Schweinfurt, Bavaria, Germany"
"Ecole Polytechnique, Montreal","Ecole Polytechnique, Montreal, Quebec, Canada"
"Texas A&M University, College Station","Texas A&M University, College Station, Texas, United States"
Georgia Institute of Technology,"Georgia Institute of Technology, Georgia, United States"
University of Texas at Austin,"University of Texas at Austin, Texas, United States"
The University of Texas at Arlington,"The University of Texas at Arlington, Texas, United States"
"North Carolina State University, Raleigh","North Carolina State University, Raleigh, North Carolina, United States"
University of Illinois at Chicago,"University of Illinois at Chicago, Illinois, United States"
"University of Maryland, College Park","University of Maryland, College Park, Maryland, United States"
"The University of British Columbia, Vancouver","The University of British Columbia, Vancouver, British Columbia, Canada"
Arizona State University,"Arizona State University, Arizona, United States"
University of North Carolina at Charlotte,"University of North Carolina at Charlotte, North Carolina, United States"
"University of Michigan, Ann Arbor","University of Michigan, Ann Arbor, Michigan, United States"
Columbia University,"Columbia University, New York, United States"
University of Illinois at Urbana-Champaign,"University of Illinois at Urbana-Champaign, Illinois, United States"
"University of California, Berkeley","University of California, Berkeley, California, United States"
Pennsylvania State University,"Pennsylvania State University, Pennsylvania, United States"
"University of Minnesota, Twin Cities","University of Minnesota, Twin Cities, Minnesota, United States"
University of Pennsylvania,"University of Pennsylvania, Pennsylvania, United States"
University of Washington,"University of Washington, Washington, United States"
Massachusetts Institute of Technology,"Massachusetts Institute of Technology, Massachusetts, United States"
Virginia Tech,"Virginia Tech, Virginia, United States"
University of Waterloo,"University of Waterloo, Ontario, Canada"
Syracuse University,"Syracuse University, New York, United States"
University of Massachusetts Amherst,"University of Massachusetts Amherst, Massachusetts, United States"
Stanford University,"Stanford University, California, United States"
Cornell University,"Cornell University, New York, United States"
University of Houston,"University of Houston, Texas, United States"
University of South Florida,"University of South Florida, Florida, United States"
University of Wisconsin-Madison,"University of Wisconsin-Madison, Wisconsin, United States"
McGill University,"McGill University, Montreal, Canada"
Ohio State University,"Ohio State University, Ohio, United States"
Indiana University Bloomington,"Indiana University Bloomington, Indiana, United States"
Clemson University,"Clemson University, South Carolina, United States"
University of Arizona,"University of Arizona, Arizona, United States"
Harvard University,"Harvard University, Massachusetts, United States"
Technical University of Munich,"Technical University of Munich, Bavaria, Germany"
The University of Utah,"The University of Utah, Utah, United States"
Texas Tech University,"Texas Tech University, Texas, United States"
Carleton University,"Carleton University, Ottawa, Canada"
University of Calgary,"University of Calgary, Alberta, Canada"
Dalhousie University,"Dalhousie University, Nova Scotia, Canada"
University of Virginia,"University of Virginia, Virginia, United States"
Princeton University,"Princeton University, New Jersey, United States"
Yale University,"Yale University, Connecticut, United States"
RWTH Aachen University,"RWTH Aachen University, North Rhine-Westphilia, Germany"
University of Colorado at Denver,"University of Colorado at Denver, Colorado, United States"
"New York Institute of Technology, NY Campus","New York Institute of Technology, NY Campus, New York, United States"
Rice University,"Rice University, Texas, United States"
Delft University of Technology,"Delft University of Technology, South Holland, Netherlands"
The University of Melbourne,"The University of Melbourne, Victoria, Australia"
Kansas State University,"Kansas State University, Kansas, United States"
National University Of Singapore,"National University Of Singapore, Singapore, Singapore"
Technical University of Berlin,"Technical University of Berlin, Berlin, Germany"
Washington State University,"Washington State University, Washington, United States"
Florida International University,"Florida International University, Florida, United States"
University of Oklahoma,"University of Oklahoma, Oklahoma, United States"
Dartmouth College,"Dartmouth College, New Hampshire, United States"
Rensselaer Polytechnic Institute,"Rensselaer Polytechnic Institute, New York, United States"
Portland State University,"Portland State University, Oregon, United States"
Washington University in St. Louis,"Washington University in St. Louis, Missouri, United States"
"University of Missouri, Columbia","University of Missouri, Columbia, Missouri, United States"
The University of New South Wales,"The University of New South Wales, New South Wales, Australia"
University of Montreal,"University of Montreal, Quebec, Canada"
University of Wisconsin-Milwaukee,"University of Wisconsin-Milwaukee, Wisconsin, United States"
The University of Kansas,"The University of Kansas, Kansas, United States"
University of Manitoba,"University of Manitoba, Manitoba, Canada"
ETH Zurich,"ETH Zurich, Z'rich, Switzerland"
University of Cambridge,"University of Cambridge, Cambridgeshire, United Kingdom"
University of Stuttgart,"University of Stuttgart, Baden-Warttemberg, Germany"
University of Tennessee at Knoxville,"University of Tennessee at Knoxville, Tennessee, United States"
"Deakin University, Melbourne","Deakin University, Melbourne, Victoria, Australia"
Temple University,"Temple University, Pennsylvania, United States"
"Southern Illinois University, Carbondale","Southern Illinois University, Carbondale, Illinois, United States"
The University of Sydney,"The University of Sydney, New South Wales, Australia"
Louisiana State University,"Louisiana State University, Louisiana, United States"
KTH Royal Institute of Technology,"KTH Royal Institute of Technology, Stockholms l'n, Sweden"
Karlsruhe Institute of Technology,"Karlsruhe Institute of Technology, Baden-Warttemberg, Germany"
University of Notre Dame,"University of Notre Dame, Indiana, United States"
University of Edinburgh,"University of Edinburgh, Edinburgh, United Kingdom"
"University of Nebraska, Lincoln","University of Nebraska, Lincoln, Nebraska, United States"
University College London,"University College London, London, United Kingdom"
The University of Queensland,"The University of Queensland, Queensland, Australia"
North Dakota State University,"North Dakota State University, North Dakota, United States"
California Polytechnic State University,"California Polytechnic State University, California, United States"
"California State Polytechnic University, Pomona","California State Polytechnic University, Pomona, California, United States"
University of New Mexico,"University of New Mexico, New Mexico, United States"
"The City College of New York, CCNY","The City College of New York, CCNY, New York, United States"
University of Memphis,"University of Memphis, Tennessee, United States"
Bowling Green State University,"Bowling Green State University, Ohio, United States"
University of Oregon,"University of Oregon, Oregon, United States"
Ecole Polytechnique Fédérale de Lausanne,"Ecole Polytechnique Fédérale de Lausanne, Vaud, Switzerland"
University of Leeds,"University of Leeds, Leeds, United Kingdom"
The University of Auckland,"The University of Auckland, Auckland, New Zealand"
University of Miami,"University of Miami, Florida, United States"
Queensland University of Technology,"Queensland University of Technology, Queensland, Australia"
South Dakota State University,"South Dakota State University, South Dakota, United States"
"University of Nevada, Las Vegas","University of Nevada, Las Vegas, Nevada, United States"
Swinburne University of Technology,"Swinburne University of Technology, Victoria, Australia"
University of Idaho,"University of Idaho, Idaho, United States"
Kennesaw State University,"Kennesaw State University, Georgia, United States"
Auckland University of Technology,"Auckland University of Technology, Auckland, New Zealand"
Montana State University at Bozeman,"Montana State University at Bozeman, Montana, United States"
The University of Tokyo,"The University of Tokyo, Tokyo, Japan"
The University of Western Australia,"The University of Western Australia, Western Australia, Australia"
University of Louisiana at Lafayette,"University of Louisiana at Lafayette, Louisiana, United States"
Miami University,"Miami University, Ohio, United States"
Bauhaus-Universität Weimar,"Bauhaus-Universität Weimar, Thuringia, Germany"
Griffith University,"Griffith University, Queensland, Australia"
Lancaster University,"Lancaster University, Lancashire, United Kingdom"
University of South Australia,"University of South Australia, South Australia, Australia"
California Baptist University,"California Baptist University, California, United States"
University of Tasmania,"University of Tasmania, Tasmania, Australia"
Lund University,"Lund University, Sk'ne l'n, Sweden"
Ball State University,"Ball State University, Indiana, United States"
University of Liverpool,"University of Liverpool, Liverpool, United Kingdom"
Newcastle University,"Newcastle University, Newcastle upon Tyne, United Kingdom"
"Northeastern University, Seattle","Northeastern University, Seattle, Washington, United States"
Kingston University London,"Kingston University London, Kingston upon Thames, United Kingdom"
Florida Agricultural and Mechanical University,"Florida Agricultural and Mechanical University, Florida, United States"
Claremont Graduate University,"Claremont Graduate University, California, United States"
University of Newcastle,"University of Newcastle, New South Wales, Australia"
University of Kassel,"University of Kassel, Hesse, Germany"
Tulane University,"Tulane University, New York, United States"
Laurentian University,"Laurentian University, Sudbury, Canada"
University of Bristol,"University of Bristol, Bristol, United Kingdom"
University of Detroit Mercy,"University of Detroit Mercy, Michigan, United States"
University of Wuppertal,"University of Wuppertal, North Rhine-Westphilia, Germany"
Prairie View A&M University,"Prairie View A&M University, Texas, United States"
University of Canberra,"University of Canberra, Australian Capital Territory, Australia"
Kyushu University,"Kyushu University, Fukuoka, Japan"
Bond University,"Bond University, Queensland, Australia"
University of Hartford,"University of Hartford, Connecticut, United States"
Catholic University Of America,"Catholic University Of America, District of Columbia, United States"
University of the District of Columbia,"University of the District of Columbia, Washington, United States"
"Nottingham Trent University, City Campus","Nottingham Trent University, City Campus, Nottingham, United Kingdom"
Hampton University,"Hampton University, Virginia, United States"
University of Portsmouth,"University of Portsmouth, Portsmouth, United Kingdom"
Morgan State University,"Morgan State University, Maryland, United States"
University of Westminster,"University of Westminster, London, United Kingdom"
University of Dundee,"University of Dundee, Dundee City, United Kingdom"
"Conestoga College, Kitchener–Doon","Conestoga College, Kitchener–Doon, Kitchener, Canada"
Lincoln University,"Lincoln University, Canterbury, New Zealand"
Tokyo University of Science,"Tokyo University of Science, Tokyo, Japan"
Savannah College of Art and Design,"Savannah College of Art and Design, Georgia, United States"
University of Notre Dame Australia,"University of Notre Dame Australia, Western Australia, Australia"
London South Bank University,"London South Bank University, London, United Kingdom"
Rhode Island School of Design,"Rhode Island School of Design, Rhode Island, United States"
The New School,"The New School, New York, United States"
Kobe University,"Kobe University, Hyogo, Japan"
Wentworth Institute of Technology,"Wentworth Institute of Technology, Massachusetts, United States"
University of the Fraser Valley,"University of the Fraser Valley, British Columbia, Canada"
School of the Art Institute of Chicago,"School of the Art Institute of Chicago, Illinois, United States"
Leeds Beckett University,"Leeds Beckett University, Leeds, United Kingdom"
Thomas Jefferson University,"Thomas Jefferson University, Pennsylvania, United States"
University of Central Lancashire,"University of Central Lancashire, Lancashire, United Kingdom"
University of Salford,"University of Salford, Salford, United Kingdom"
Yamaguchi University,"Yamaguchi University, Yamaguchi, Japan"
De Montfort University,"De Montfort University, Leicester, United Kingdom"
Pratt Institute,"Pratt Institute, New York, United States"
The University of Hong Kong,"The University of Hong Kong, Pok Fu Lam, Hong Kong"
Robert Gordon University,"Robert Gordon University, Aberdeen City, United Kingdom"
Solent University,"Solent University, Hampshire, United Kingdom"
Frankfurt University of Applied Sciences,"Frankfurt University of Applied Sciences, Frankfurt, Germany"
SRH University Heidelberg,"SRH University Heidelberg, Heidelberg, Germany"
Sault College,"Sault College, Sault, Canada"
University of Brighton,"University of Brighton, Brighton and Hove, United Kingdom"
City University of Hong Kong,"City University of Hong Kong, Kowloon, Hong Kong"
Sapienza University of Rome,"Sapienza University of Rome, Roma, Italy"
Norwich University,"Norwich University, Vermont, United States"
"Goldsmiths, University of London","Goldsmiths, University of London, London, United Kingdom"
The Chinese University of Hong Kong,"The Chinese University of Hong Kong, New Territories, Hong Kong"
Southern California Institute Of Architecture,"Southern California Institute Of Architecture, California, United States"
University of Lincoln,"University of Lincoln, Lincolnshire, United Kingdom"
California College of Arts,"California College of Arts, California, United States"
University for the Creative Arts,"University for the Creative Arts, Kent, United Kingdom"
Polytechnic University of Turin,"Polytechnic University of Turin, Turin, Italy"
Royal College of Art,"Royal College of Art, London, United Kingdom"
Politecnico di Milano,"Politecnico di Milano, Milan, Italy"
Politecnico di Torino,"Politecnico di Torino, Turin, Italy"
Architectural Association School of Architecture,"Architectural Association School of Architecture, London, United Kingdom"
Royal Danish Academy,"Royal Danish Academy, Hovedstaden, Denmark"
Boston Architectural College,"Boston Architectural College, Massachusetts, United States"
Norwich University Of The Arts,"Norwich University Of The Arts, Norfolk, United Kingdom"
HafenCity University Hamburg,"HafenCity University Hamburg, Hamburg, Germany"
"University of Illinois Chicago, Global","University of Illinois Chicago, Global, Illinois, United States"
Woodbury University,"Woodbury University, California, United States"
NewSchool of Architecture & Design,"NewSchool of Architecture & Design, California, United States"
Arts University Bournemouth,"Arts University Bournemouth, Poole, United Kingdom"
New York University,"New York University, New York, United States"
Purdue University West Lafayette,"Purdue University West Lafayette, Indiana, United States"
University of Colorado Boulder,"University of Colorado Boulder, Colorado, United States"
Michigan State University,"Michigan State University, Michigan, United States"
San Diego State University,"San Diego State University, California, United States"
"California State University, Fullerton","California State University, Fullerton, California, United States"
"California State University, Long Beach","California State University, Long Beach, California, United States"
George Mason University,"George Mason University, Virginia, United States"
University of Windsor,"University of Windsor, Ontario, Canada"
Concordia University,"Concordia University, Montreal, Canada"
California Institute Of Technology,"California Institute Of Technology, California, United States"
Santa Clara University,"Santa Clara University, California, United States"
Colorado State University,"Colorado State University, Colorado, United States"
"California State University, Los Angeles","California State University, Los Angeles, California, United States"
Michigan Technological University,"Michigan Technological University, Michigan, United States"
Johns Hopkins University,"Johns Hopkins University, Maryland, United States"
Texas A&M University - Kingsville,"Texas A&M University - Kingsville, Texas, United States"
University of Ottawa,"University of Ottawa, Ottawa, Canada"
University of North Carolina at Chapel Hill,"University of North Carolina at Chapel Hill, North Carolina, United States"
University of Dayton,"University of Dayton, Ohio, United States"
Cleveland State University,"Cleveland State University, Ohio, United States"
Queen's University,"Queen's University, Kingston, Canada"
"California State University, Sacramento","California State University, Sacramento, California, United States"
University of Pittsburgh,"University of Pittsburgh, Pennsylvania, United States"
Oklahoma State University - Stillwater,"Oklahoma State University - Stillwater, Oklahoma, United States"
McMaster University,"McMaster University, Hamilton, Canada"
Auburn University,"Auburn University, Alabama, United States"
University of Central Florida,"University of Central Florida, Florida, United States"
Florida State University,"Florida State University, Florida, United States"
University of New Haven,"University of New Haven, Connecticut, United States"
University of Connecticut,"University of Connecticut, Connecticut, United States"
Missouri University of Science and Technology,"Missouri University of Science and Technology, Missouri, United States"
"California State University, Fresno","California State University, Fresno, California, United States"
University of Victoria,"University of Victoria, British Columbia, Canada"
Drexel University,"Drexel University, Pennsylvania, United States"
"University of Missouri, Kansas City","University of Missouri, Kansas City, Missouri, United States"
Lakehead University,"Lakehead University, Thunder Bay, Canada"
University of Massachusetts Lowell,"University of Massachusetts Lowell, Massachusetts, United States"
West Virginia University,"West Virginia University, West Virginia, United States"
Southern Methodist University,"Southern Methodist University, Texas, United States"
Lehigh University,"Lehigh University, Pennsylvania, United States"
University of Alabama at Birmingham,"University of Alabama at Birmingham, Alabama, United States"
University of South Carolina,"University of South Carolina, South Carolina, United States"
"University of Alabama, Huntsville","University of Alabama, Huntsville, Alabama, United States"
Florida Institute of Technology,"Florida Institute of Technology, Florida, United States"
University of Saskatchewan,"University of Saskatchewan, Saskatchewan, Canada"
Western Michigan University,"Western Michigan University, Michigan, United States"
University of Delaware,"University of Delaware, Delaware, United States"
Lamar University,"Lamar University, Texas, United States"
University of New Brunswick,"University of New Brunswick, New Brunswick, Canada"
Mississippi State University,"Mississippi State University, Mississippi, United States"
Utah State University,"Utah State University, Utah, United States"
Bradley University,"Bradley University, Illinois, United States"
Technical University of Hamburg,"Technical University of Hamburg, Hamburg, Germany"
Northern Arizona University,"Northern Arizona University, Arizona, United States"
"Southern Illinois University, Edwardsville","Southern Illinois University, Edwardsville, Illinois, United States"
Penn State Harrisburg,"Penn State Harrisburg, Pennsylvania, United States"
University of Glasgow,"University of Glasgow, Glasgow City, United Kingdom"
Ohio University,"Ohio University, Ohio, United States"
Vanderbilt University,"Vanderbilt University, Tennessee, United States"
Penn State Great Valley,"Penn State Great Valley, Pennsylvania, United States"
University of Texas at Tyler,"University of Texas at Tyler, Texas, United States"
University of Arkansas,"University of Arkansas, Arkansas, United States"
The University of Alabama,"The University of Alabama, Alabama, United States"
North Carolina Agricultural and Technical State University,"North Carolina Agricultural and Technical State University, North Carolina, United States"
Curtin University,"Curtin University, Western Australia, Australia"
Old Dominion University,"Old Dominion University, Virginia, United States"
University of Kentucky,"University of Kentucky, Kentucky, United States"
University of Akron,"University of Akron, Ohio, United States"
The University of Toledo,"The University of Toledo, Ohio, United States"
University of Wollongong,"University of Wollongong, New South Wales, Australia"
Villanova University,"Villanova University, Pennsylvania, United States"
University of Mississippi,"University of Mississippi, Mississippi, United States"
Brigham Young University,"Brigham Young University, Utah, United States"
University of Bath,"University of Bath, Bath and North East Somerset, United Kingdom"
University of Louisville,"University of Louisville, Kentucky, United States"
New Mexico State University,"New Mexico State University, New Mexico, United States"
The University of Texas at El Paso,"The University of Texas at El Paso, Texas, United States"
Royal Military College of Canada,"Royal Military College of Canada, Kingston, Canada"
University of Twente,"University of Twente, Overijssel, Netherlands"
Louisiana Tech University,"Louisiana Tech University, Louisiana, United States"
University of Minnesota Duluth,"University of Minnesota Duluth, Minnesota, United States"
Ruhr University Bochum,"Ruhr University Bochum, North Rhine-Westphilia, Germany"
Boise State University,"Boise State University, Idaho, United States"
University of South Alabama,"University of South Alabama, Alabama, United States"
NYU Tandon School of Engineering,"NYU Tandon School of Engineering, New York, United States"
"University of Duisburg, Essen","University of Duisburg, Essen, North Rhine-Westphilia, Germany"
Tennessee Technological University,"Tennessee Technological University, Tennessee, United States"
University of Siegen,"University of Siegen, North Rhine-Westphilia, Germany"
Virginia Polytechnic Institute and State University,"Virginia Polytechnic Institute and State University, Virginia, United States"
Victoria University,"Victoria University, Victoria, Australia"
University of North Dakota,"University of North Dakota, North Dakota, United States"
University of Tennessee at Chattanooga,"University of Tennessee at Chattanooga, Tennessee, United States"
University of Wyoming,"University of Wyoming, Wyoming, United States"
Embry Riddle Aeronautical University,"Embry Riddle Aeronautical University, Florida, United States"
The University of Maine,"The University of Maine, Maine, United States"
University of North Florida,"University of North Florida, Florida, United States"
"Washington State University, Tri-Cities","Washington State University, Tri-Cities, Washington, United States"
Charles Darwin University,"Charles Darwin University, Northern Territory, Australia"
"University of Alaska, Fairbanks","University of Alaska, Fairbanks, Alaska, United States"
McNeese State University,"McNeese State University, Louisiana, United States"
University of Exeter,"University of Exeter, Devon, United Kingdom"
Milwaukee School of Engineering,"Milwaukee School of Engineering, Wisconsin, United States"
Durham University,"Durham University, Durham, United Kingdom"
Loyola Marymount University,"Loyola Marymount University, California, United States"
Western New England University,"Western New England University, Massachusetts, United States"
Federation University Australia,"Federation University Australia, Victoria, Australia"
Waseda University,"Waseda University, Tokyo, Japan"
University of Victoria British Columbia,"University of Victoria British Columbia, British Columbia, Canada"
Jackson State University,"Jackson State University, Mississippi, United States"
Bucknell University,"Bucknell University, Pennsylvania, United States"
Montana Tech,"Montana Tech, Montana, United States"
University of Southern Queensland,"University of Southern Queensland, Queensland, Australia"
Université Grenoble-Alpes,"Université Grenoble-Alpes, Isère, France"
Merrimack College,"Merrimack College, Massachusetts, United States"
Luleå University of Technology,"Luleå University of Technology, Norrbottens l'n, Sweden"
University of Sherbrooke,"University of Sherbrooke, Sherbrooke, Canada"
Abertay University,"Abertay University, Dundee City, United Kingdom"
St Martin University,"St Martin University, Washington, United States"
Edinburgh Napier University,"Edinburgh Napier University, Edinburgh, United Kingdom"
The Hong Kong University of Science and Technology,"The Hong Kong University of Science and Technology, New Territories, Hong Kong"
University of Derby,"University of Derby, Derby, United Kingdom"
University of the West of Scotland,"University of the West of Scotland, London, United Kingdom"
Idaho State University,"Idaho State University, Idaho, United States"
"Technical University of Applied Sciences, Lübeck","Technical University of Applied Sciences, Lübeck, Lübeck, Germany"
"University of South Australia, Mawson Lakes","University of South Australia, Mawson Lakes, South Australia, Australia"
Canterbury Christ Church University,"Canterbury Christ Church University, Kent, United Kingdom"
CentraleSupelec,"CentraleSupelec, Chatenay-Malabry, France"
Northeastern University,"Northeastern University, Massachusetts, United States"
University of Bolton,"University of Bolton, Bolton, United Kingdom"
The University of Texas at Dallas,"The University of Texas at Dallas, Texas, United States"
"University of California, San Diego","University of California, San Diego, California, United States"
"University of California, Irvine","University of California, Irvine, California, United States"
"Rutgers University, New Brunswick","Rutgers University, New Brunswick, New Jersey, United States"
Rutgers University-New Brunswick,"Rutgers University-New Brunswick, New Jersey, United States"
"University of California, Davis","University of California, Davis, California, United States"
"University of Maryland, Baltimore County","University of Maryland, Baltimore County, Maryland, United States"
Georgia State University,"Georgia State University, Georgia, United States"
"Concordia University, Montreal","Concordia University, Montreal, Quebec, Canada"
"University of California, Santa Barbara","University of California, Santa Barbara, California, United States"
"California State University, East Bay","California State University, East Bay, California, United States"
"University of California,  Riverside","University of California,  Riverside, California, United States"
Simon Fraser University,"Simon Fraser University, British Columbia, Canada"
"Simon Fraser University, Burnaby","Simon Fraser University, Burnaby, British Columbia, Canada"
State University of New York at Binghamton,"State University of New York at Binghamton, New York, United States"
"Carleton University, Ottawa","Carleton University, Ottawa, Ottawa, Canada"
"University of California, Santa Cruz","University of California, Santa Cruz, California, United States"
"Rutgers University, Newark","Rutgers University, Newark, New Jersey, United States"
The George Washington University,"The George Washington University, District of Columbia, United States"
Indiana University - Purdue University Indianapolis,"Indiana University - Purdue University Indianapolis, Indiana, United States"
University of Houston - Clear Lake,"University of Houston - Clear Lake, Texas, United States"
Northern Illinois University,"Northern Illinois University, Illinois, United States"
"California State University, Northridge","California State University, Northridge, California, United States"
University of Rochester,"University of Rochester, New York, United States"
State University of New York (Albany),"State University of New York (Albany), New York, United States"
"University of Massachusetts, Boston","University of Massachusetts, Boston, Massachusetts, United States"
Pace University,"Pace University, New York, United States"
The University of Chicago,"The University of Chicago, Illinois, United States"
Wichita State University,"Wichita State University, Kansas, United States"
Wright State University,"Wright State University, Ohio, United States"
Brown University,"Brown University, Rhode Island, United States"
"California State University, Chico","California State University, Chico, California, United States"
The University of Central Missouri,"The University of Central Missouri, Missouri, United States"
University of San Francisco,"University of San Francisco, California, United States"
University of Illinois at Springfield,"University of Illinois at Springfield, Illinois, United States"
Case Western Reserve University,"Case Western Reserve University, Ohio, United States"
University of Iowa,"University of Iowa, Iowa, United States"
Texas A&M University - Corpus Christi,"Texas A&M University - Corpus Christi, Texas, United States"
Arkansas State University,"Arkansas State University, Arkansas, United States"
Western University,"Western University, Ontario, Canada"
Northwest Missouri State University,"Northwest Missouri State University, Missouri, United States"
University of Regina,"University of Regina, Saskatchewan, Canada"
University of Montreal,"University of Montreal, Montreal, Canada"
University of Massachusetts Dartmouth,"University of Massachusetts Dartmouth, Massachusetts, United States"
Texas A&M University-Commerce,"Texas A&M University-Commerce, Texas, United States"
Texas State University,"Texas State University, Texas, United States"
University of Ontario Institute of Technology,"University of Ontario Institute of Technology, Ontario, Canada"
Alabama A&M University,"Alabama A&M University, Alabama, United States"
University of Oxford,"University of Oxford, Oxfordshire, United Kingdom"
Purdue University Northwest,"Purdue University Northwest, Indiana, United States"
"New York Institute of Technology, Old Westbury","New York Institute of Technology, Old Westbury, New York, United States"
Tufts University,"Tufts University, Massachusetts, United States"
Hamburg University of Technology,"Hamburg University of Technology, Hamburg, Germany"
Central Michigan University,"Central Michigan University, Michigan, United States"
University of New Hampshire,"University of New Hampshire, New Hampshire, United States"
"KTH, Royal Institute of Technology","KTH, Royal Institute of Technology, Stockholms l'n, Sweden"
Chicago State University,"Chicago State University, Illinois, United States"
Dresden University of Technology,"Dresden University of Technology, Sohag, Germany"
Colorado School of Mines,"Colorado School of Mines, Colorado, United States"
Friedrich-Alexander-University Erlangen-Nürnberg,"Friedrich-Alexander-University Erlangen-Nürnberg, Bavaria, Germany"
Technical University of Dortmund,"Technical University of Dortmund, North Rhine-Westphilia, Germany"
"California State University, San Bernardino","California State University, San Bernardino, California, United States"
Concordia University - Ann Arbor,"Concordia University - Ann Arbor, Michigan, United States"
Australian National University,"Australian National University, Australian Capital Territory, Australia"
Brock University,"Brock University, Ontario, Canada"
Western Illinois University,"Western Illinois University, Illinois, United States"
Georgetown University,"Georgetown University, District of Columbia, United States"
Indiana State University,"Indiana State University, Indiana, United States"
State University of New York Polytechnic Institute,"State University of New York Polytechnic Institute, New York, United States"
Eastern Michigan University,"Eastern Michigan University, Michigan, United States"
Fairleigh Dickinson University,"Fairleigh Dickinson University, New Jersey, United States"
University of Adelaide,"University of Adelaide, South Australia, Australia"
Seattle University,"Seattle University, Washington, United States"
State University of New York at New Paltz,"State University of New York at New Paltz, New York, United States"
Northeastern Illinois University,"Northeastern Illinois University, Illinois, United States"
University of Denver,"University of Denver, Colorado, United States"
University of Missouri-St. Louis,"University of Missouri-St. Louis, Missouri, United States"
Concordia University of Edmonton,"Concordia University of Edmonton, Alberta, Canada"
Rowan University,"Rowan University, New Jersey, United States"
Grand Valley State University,"Grand Valley State University, Michigan, United States"
"City University Of New York, Brooklyn College","City University Of New York, Brooklyn College, New York, United States"
"California State University, San Marcos","California State University, San Marcos, California, United States"
Governors State University,"Governors State University, Illinois, United States"
University of Northern British Columbia,"University of Northern British Columbia, British Columbia, Canada"
"California State University, Dominguez Hills","California State University, Dominguez Hills, California, United States"
University of North Carolina at Greensboro,"University of North Carolina at Greensboro, North Carolina, United States"
Chemnitz University of Technology,"Chemnitz University of Technology, Sohag, Germany"
Dakota State University,"Dakota State University, South Dakota, United States"
Albert Ludwig University of Freiburg,"Albert Ludwig University of Freiburg, Baden-Warttemberg, Germany"
Braunschweig University of Technology,"Braunschweig University of Technology, Lower Saxony, Germany"
Technical University of Kaiserslautern,"Technical University of Kaiserslautern, Rhineland-Palatinate, Germany"
"California State University, Channel Islands","California State University, Channel Islands, California, United States"
"University of Nebraska, Omaha","University of Nebraska, Omaha, Nebraska, United States"
Clarkson University,"Clarkson University, New York, United States"
University of Quebec in Montreal,"University of Quebec in Montreal, Quebec, Canada"
Adelphi University,"Adelphi University, New York, United States"
"University of Washington, Tacoma","University of Washington, Tacoma, Washington, United States"
Nova Southeastern University,"Nova Southeastern University, Florida, United States"
Leibniz University of Hannover,"Leibniz University of Hannover, Lower Saxony, Germany"
University of Colorado at Colorado Springs,"University of Colorado at Colorado Springs, Colorado, United States"
"University of Nevada, Reno","University of Nevada, Reno, Nevada, United States"
National University,"National University, California, United States"
Virginia Commonwealth University,"Virginia Commonwealth University, Virginia, United States"
"University of Washington, Bothell","University of Washington, Bothell, Washington, United States"
Sacred Heart University,"Sacred Heart University, Connecticut, United States"
University of Bonn,"University of Bonn, North Rhine-Westphilia, Germany"
Bridgewater State University,"Bridgewater State University, Massachusetts, United States"
Fordham University,"Fordham University, New York, United States"
Humboldt University of Berlin,"Humboldt University of Berlin, Berlin, Germany"
St. Cloud State University,"St. Cloud State University, Minnesota, United States"
Emory University,"Emory University, Georgia, United States"
University of the Pacific,"University of the Pacific, California, United States"
Howard University,"Howard University, District of Columbia, United States"
Southeast Missouri State University,"Southeast Missouri State University, Missouri, United States"
University of Arkansas at Little Rock,"University of Arkansas at Little Rock, Arkansas, United States"
University of Central Oklahoma,"University of Central Oklahoma, Oklahoma, United States"
University of Houston-Victoria,"University of Houston-Victoria, Texas, United States"
"California Polytechnic State University, San Luis Obispo","California Polytechnic State University, San Luis Obispo, California, United States"
Loyola University Chicago,"Loyola University Chicago, Ohio, United States"
Oklahoma City University,"Oklahoma City University, Oklahoma, United States"
Texas Southern University,"Texas Southern University, Texas, United States"
Northeastern University - Silicon Valley,"Northeastern University - Silicon Valley, California, United States"
Appalachian State University,"Appalachian State University, North Carolina, United States"
The University of Southern Mississippi,"The University of Southern Mississippi, Mississippi, United States"
Northwestern Polytechnic University,"Northwestern Polytechnic University, California, United States"
Baylor University,"Baylor University, Texas, United States"
"City University Of New York, Queens College","City University Of New York, Queens College, New York, United States"
"Eberhard Karls University, Tübingen","Eberhard Karls University, Tübingen, Baden-Warttemberg, Germany"
College of William & Mary,"College of William & Mary, Virginia, United States"
Clausthal University of Technology,"Clausthal University of Technology, Lower Saxony, Germany"
Acadia University,"Acadia University, Nova Scotia, Canada"
University of Lethbridge,"University of Lethbridge, Alberta, Canada"
Duquesne University,"Duquesne University, Pennsylvania, United States"
Troy University,"Troy University, Alabama, United States"
"Washington State University, Vancouver","Washington State University, Vancouver, Washington, United States"
University of Paderborn,"University of Paderborn, North Rhine-Westphilia, Germany"
"University of British Columbia, Okanagan","University of British Columbia, Okanagan, British Columbia, Canada"
Colorado Technical University,"Colorado Technical University, Colorado, United States"
Bowie State University,"Bowie State University, Maryland, United States"
Uppsala University,"Uppsala University, Uppsala l'n, Sweden"
Northeastern University-Seattle,"Northeastern University-Seattle, Washington, United States"
University of Tulsa,"University of Tulsa, Oklahoma, United States"
Columbus State University,"Columbus State University, Georgia, United States"
University of Ulm,"University of Ulm, Baden-Warttemberg, Germany"
Clark University,"Clark University, Massachusetts, United States"
Marquette University,"Marquette University, Wisconsin, United States"
University of Rostock,"University of Rostock, Mecklenburg-Vorpommern, Germany"
University of Kiel (Christian-Albrechts),"University of Kiel (Christian-Albrechts), Schleswig-Holstein, Germany"
Ilmenau University of Technology,"Ilmenau University of Technology, Thuringia, Germany"
Brandeis University,"Brandeis University, Massachusetts, United States"
Hofstra University,"Hofstra University, New York, United States"
St. Francis Xavier University,"St. Francis Xavier University, Nova Scotia, Canada"
Central Connecticut State University,"Central Connecticut State University, Connecticut, United States"
University of Hawaii at Manoa,"University of Hawaii at Manoa, Hawaii, United States"
"Heidelberg University, Ruperto Carola","Heidelberg University, Ruperto Carola, Baden-Warttemberg, Germany"
East Carolina University,"East Carolina University, North Carolina, United States"
The University of Rhode Island,"The University of Rhode Island, Rhode Island, United States"
St. John's University,"St. John's University, New York, United States"
University of Texas Rio Grande Valley,"University of Texas Rio Grande Valley, Texas, United States"
University of Maryland Eastern Shore,"University of Maryland Eastern Shore, Maryland, United States"
Edith Cowan University,"Edith Cowan University, Western Australia, Australia"
"City University Of New York, Staten Island","City University Of New York, Staten Island, New York, United States"
Montclair State University,"Montclair State University, New Jersey, United States"
University of Texas - Pan American,"University of Texas - Pan American, Texas, United States"
Midwestern State University,"Midwestern State University, Texas, United States"
University of North America,"University of North America, Virginia, United States"
"Missouri State University, Springfield","Missouri State University, Springfield, Missouri, United States"
University of South Dakota,"University of South Dakota, South Dakota, United States"
University of New Orleans,"University of New Orleans, Louisiana, United States"
University of Bayreuth,"University of Bayreuth, Bavaria, Germany"
University of Leicester,"University of Leicester, Leicester, United Kingdom"
University of Potsdam,"University of Potsdam, Brandenburg, Germany"
Maharishi University of Management,"Maharishi University of Management, Iowa, United States"
American University,"American University, Washington, United States"
The University of Vermont,"The University of Vermont, Vermont, United States"
Western Kentucky University,"Western Kentucky University, Kentucky, United States"
East Tennessee State University,"East Tennessee State University, Tennessee, United States"
Delaware State University,"Delaware State University, Delaware, United States"
"Charles Sturt University, Bathhurst","Charles Sturt University, Bathhurst, New South Wales, Australia"
Linköping University,"Linköping University, Östergötland, Sweden"
City University of Seattle,"City University of Seattle, Washington, United States"
Leipzig University,"Leipzig University, Sohag, Germany"
Roosevelt University,"Roosevelt University, Illinois, United States"
"University of New England, Australia","University of New England, Australia, New South Wales, Australia"
"Northeastern University, Vancouver","Northeastern University, Vancouver, British Columbia, Canada"
South Dakota School of Mines and Technology,"South Dakota School of Mines and Technology, South Dakota, United States"
Bishops University,"Bishops University, Quebec, Canada"
University of Otago,"University of Otago, Otago, New Zealand"
Middle Tennessee State University,"Middle Tennessee State University, Tennessee, United States"
Wake Forest University,"Wake Forest University, North Carolina, United States"
Marist College,"Marist College, New York, United States"
Rivier University,"Rivier University, New Hampshire, United States"
University of Geneva,"University of Geneva, Geneva, Switzerland"
Shippensburg University of Pennsylvania,"Shippensburg University of Pennsylvania, Pennsylvania, United States"
"City University Of New York, Lehman College","City University Of New York, Lehman College, New York, United States"
James Madison University,"James Madison University, Virginia, United States"
University of the Bundeswehr Munich,"University of the Bundeswehr Munich, Bavaria, Germany"
Lewis University,"Lewis University, Illinois, United States"
New Mexico Institute of Mining and Technology,"New Mexico Institute of Mining and Technology, New Mexico, United States"
University of West Georgia,"University of West Georgia, Georgia, United States"
Eastern Washington University,"Eastern Washington University, Washington, United States"
Monmouth University,"Monmouth University, Illinois, United States"
"University of Southern Mississippi, Gulf Coast","University of Southern Mississippi, Gulf Coast, Michigan, United States"
Philipps-University Marburg,"Philipps-University Marburg, Hesse, Germany"
Clark Atlanta University,"Clark Atlanta University, Georgia, United States"
Helmut Schmidt University (Bundeswehr),"Helmut Schmidt University (Bundeswehr), Hamburg, Germany"
Northern Kentucky University,"Northern Kentucky University, Kentucky, United States"
"St. Marys University, Texas","St. Marys University, Texas, Texas, United States"
University of Bamberg (Otto-Friedrich),"University of Bamberg (Otto-Friedrich), Bavaria, Germany"
University of Tsukuba,"University of Tsukuba, Ibaraki, Japan"
University of Göttingen,"University of Göttingen, Lower Saxony, Germany"
Westcliff University,"Westcliff University, California, United States"
"Fairleigh Dickinson University, Florham","Fairleigh Dickinson University, Florham, New Jersey, United States"
University of West Florida,"University of West Florida, Florida, United States"
University of Montana,"University of Montana, Montana, United States"
Metropolitan State University,"Metropolitan State University, Minnesota, United States"
University of Sussex,"University of Sussex, East Sussex, United Kingdom"
Mississippi College,"Mississippi College, Mississippi, United States"
Julius Maximilians University of Würzburg,"Julius Maximilians University of Würzburg, Bavaria, Germany"
École Normale Supérieure de Lyon,"École Normale Supérieure de Lyon, Rhône, France"
Towson University,"Towson University, Maryland, United States"
Southern University and A&M College,"Southern University and A&M College, Louisiana, United States"
University of Augsburg,"University of Augsburg, Bavaria, Germany"
Tokyo Metropolitan University,"Tokyo Metropolitan University, Tokyo, Japan"
East Stroudsburg University,"East Stroudsburg University, Pennsylvania, United States"
Southern Oregon University,"Southern Oregon University, Oregon, United States"
Bielefeld University,"Bielefeld University, North Rhine-Westphilia, Germany"
West Chester University of Pennsylvania,"West Chester University of Pennsylvania, Pennsylvania, United States"
Western Washington University,"Western Washington University, Washington, United States"
"Fontbonne University, St Louis","Fontbonne University, St Louis, Missouri, United States"
University of Bern,"University of Bern, Bern, Switzerland"
Kutztown University of Pennsylvania,"Kutztown University of Pennsylvania, Pennsylvania, United States"
Christopher Newport University,"Christopher Newport University, Virginia, United States"
Malmo University,"Malmo University, Sk'ne l'n, Sweden"
University of St. Gallen,"University of St. Gallen, Sankt Gallen, Switzerland"
Hood College,"Hood College, Maryland, United States"
New Mexico Highlands University,"New Mexico Highlands University, New Mexico, United States"
University of Moncton,"University of Moncton, New Brunswick, Canada"
International Technological University,"International Technological University, California, United States"
University of East Anglia,"University of East Anglia, Norfolk, United Kingdom"
Norfolk State University,"Norfolk State University, Virginia, United States"
The University of Texas Permian Basin,"The University of Texas Permian Basin, Texas, United States"
The College of Saint Rose,"The College of Saint Rose, New York, United States"
Johannes Gutenberg University of Mainz,"Johannes Gutenberg University of Mainz, Rhineland-Palatinate, Germany"
Halmstad University,"Halmstad University, Hallands l'n, Sweden"
Middlesex University,"Middlesex University, London, United Kingdom"
University of Copenhagen,"University of Copenhagen, Copenhagen, Denmark"
Jonkoping University,"Jonkoping University, J'nk'pings l'n, Sweden"
University of Southern Maine,"University of Southern Maine, Maine, United States"
Frostburg State University,"Frostburg State University, Maryland, United States"
Cornell Tech,"Cornell Tech, New York, United States"
Auburn University at Montgomery,"Auburn University at Montgomery, Alabama, United States"
North Carolina Central University,"North Carolina Central University, North Carolina, United States"
Bangor University,"Bangor University, Gwynedd, United Kingdom"
Southern Adventist University,"Southern Adventist University, Tennessee, United States"
Cardiff Metropolitan University,"Cardiff Metropolitan University, Wales, United Kingdom"
Université du Québec à Rimouski,"Université du Québec à Rimouski, Quebec, Canada"
"New York Institute of Technology, Vancouver","New York Institute of Technology, Vancouver, New York, United States"
Purdue University Fort Wayne,"Purdue University Fort Wayne, Indiana, United States"
University of Basel,"University of Basel, Basel-Stadt, Switzerland"
Aarhus University,"Aarhus University, Midtjylland, Denmark"
"California State University, Bakersfield","California State University, Bakersfield, California, United States"
Trinity University,"Trinity University, Texas, United States"
Sorbonne University,"Sorbonne University, Paris, France"
Virginia State University,"Virginia State University, Virginia, United States"
University of Neuchâtel,"University of Neuchâtel, Neuch'tel, Switzerland"
Monroe College,"Monroe College, New York, United States"
Keele University,"Keele University, Staffordshire, United Kingdom"
University of Bedfordshire,"University of Bedfordshire, Buckinghamshire, United Kingdom"
Saginaw Valley State University,"Saginaw Valley State University, Michigan, United States"
University of Rennes 1,"University of Rennes 1, Brittany, France"
University of Fribourg,"University of Fribourg, Fribourg, Switzerland"
Nantes Université,"Nantes Université, Pays de la Loire, France"
Staffordshire University,"Staffordshire University, Stoke-on-Trent, United Kingdom"
Fitchburg State University,"Fitchburg State University, Massachusetts, United States"
"University of the Pacific, San Francisco","University of the Pacific, San Francisco, California, United States"
University of Gothenburg,"University of Gothenburg, V'stra G'talands l'n, Sweden"
University of Chester,"University of Chester, Warrington, United Kingdom"
Iona College,"Iona College, New York, United States"
West Virginia State University,"West Virginia State University, West Virginia, United States"
Oklahoma Christian University,"Oklahoma Christian University, Oklahoma, United States"
"University of Southern Denmark, Odense","University of Southern Denmark, Odense, Odense, Denmark"
Esslingen University of Applied Sciences,"Esslingen University of Applied Sciences, Esslingen, Germany"
HTW Berlin,"HTW Berlin, Berlin, Germany"
FH Schmalkalden University of Applied Sciences,"FH Schmalkalden University of Applied Sciences, Schmalkalden, Germany"
Florida Polytechnic University,"Florida Polytechnic University, Florida, United States"
Saint Leo University,"Saint Leo University, St. Leo, United States"
"Charité – Universitätsmedizin Berlin, Charité Mitte","Charité – Universitätsmedizin Berlin, Charité Mitte, Mitte, Germany"
Roskilde University,"Roskilde University, Sjælland, Denmark"
"Concordia University, Chicago","Concordia University, Chicago, Illinois, United States"
"Birkbeck, University of London","Birkbeck, University of London, London, United Kingdom"
University of Strasbourg,"University of Strasbourg, Strasbourg, France"
École normale supérieure Paris-Saclay,"École normale supérieure Paris-Saclay, Gif-sur-Yvette, France"
Universite de Lille,"Universite de Lille, Lille, France"
Claude Bernard University Lyon 1,"Claude Bernard University Lyon 1, Villeurbanne, France"
Jean Monnet University,"Jean Monnet University, Saint-Étienne, France"
Mannheim University of Applied Sciences,"Mannheim University of Applied Sciences, Mannheim, Germany"
National Institute For Applied Science - Lyon,"National Institute For Applied Science - Lyon, Villeurbanne, France"
Lucerne University of Applied Sciences and Arts,"Lucerne University of Applied Sciences and Arts, Luzern, Switzerland"
University of Poitiers,"University of Poitiers, Poitiers, France"
Mercy College,"Mercy College, New York, United States"
Mines ParisTech,"Mines ParisTech, Paris, France"
Université de Pau et des Pays de l'Adour,"Université de Pau et des Pays de l'Adour, Pyrénées-Atlantiques, France"
Augusta University,"Augusta University, Georgia, United States"
Angelo State University,"Angelo State University, Texas, United States"
International University of applied sciences,"International University of applied sciences, Berlin, Germany"
York St John University,"York St John University, North Yorkshire, United Kingdom"
"Northeastern University, Oakland","Northeastern University, Oakland, California, United States"
Charleston Southern University,"Charleston Southern University, South Carolina, United States"
Graz University of Technology,"Graz University of Technology, Lower Austria, Austria"
Texas A&M University - San Antonio,"Texas A&M University - San Antonio, Texas, United States"
"Fairleigh Dickinson University , Vancouver","Fairleigh Dickinson University , Vancouver, Vancouver, Canada"
Liverpool Hope University,"Liverpool Hope University, Liverpool, United Kingdom"
"Northeastern University, Arlington","Northeastern University, Arlington, Virginia, United States"
Fulda University of Applied Sciences,"Fulda University of Applied Sciences, Hesse, Germany"
"Concordia University, Wisconsin","Concordia University, Wisconsin, Wisconsin, United States"
Constructor Institute,"Constructor Institute, Schaffhausen, Switzerland"
"Rutgers University, Camden","Rutgers University, Camden, New Jersey, United States"
EPITA - School of Engineering and Computer Science,"EPITA - School of Engineering and Computer Science, Toulouse, France"
Oral Roberts University,"Oral Roberts University, Oklahoma, United States"
Avila University,"Avila University, Missouri, United States"
Tennessee State University,"Tennessee State University, Tennessee, United States"
Austin Peay State University,"Austin Peay State University, Tennessee, United States"
Weber State University,"Weber State University, Utah, United States"
University of South-Eastern Norway,"University of South-Eastern Norway, Kongsberg, Norway"
Zurich University of Applied Sciences,"Zurich University of Applied Sciences, Schleswig-Holstein, Germany"
Østfold University College,"Østfold University College, Halden, Norway"
Eastern Kentucky University,"Eastern Kentucky University, Kentucky, United States"
Deggendorf Institute of Technology (Cham),"Deggendorf Institute of Technology (Cham), Bavaria, Germany"
Ravensbourne University London,"Ravensbourne University London, London, United Kingdom"
University of St. Thomas,"University of St. Thomas, Minnesota, United States"
HES-SO - Haute Ecole Spécialisée de Suisse occidentale (Siège),"HES-SO - Haute Ecole Spécialisée de Suisse occidentale (Siège), Geneva, Switzerland"
University of North Carolina Wilmington,"University of North Carolina Wilmington, North Carolina, United States"
Ludwig Maximilian University of Munich,"Ludwig Maximilian University of Munich, Bavaria, Germany"
University of Sydney,"University of Sydney, New South Wales, Australia"
Trent University,"Trent University, Ontario, Canada"
"Minnesota State University, Mankato","Minnesota State University, Mankato, Minnesota, United States"
Technical University of Braunschweig,"Technical University of Braunschweig, Lower Saxony, Germany"
Freie University of Berlin,"Freie University of Berlin, Berlin, Germany"
Marshall University,"Marshall University, West Virginia, United States"
London School of Economics and Political Science,"London School of Economics and Political Science, London, United Kingdom"
HEC Montréal,"HEC Montréal, Quebec, Canada"
Eberhard Karls University of Tübingen,"Eberhard Karls University of Tübingen, Baden-Warttemberg, Germany"
"Eberhard Karls University, Tubingen","Eberhard Karls University, Tubingen, Baden-Warttemberg, Germany"
Thompson Rivers University,"Thompson Rivers University, British Columbia, Canada"
HEC Paris,"HEC Paris, Paris, France"
Constructor University,"Constructor University, Bremen, Germany"
University of Hildesheim,"University of Hildesheim, Sohag, Germany"
Erasmus University Rotterdam,"Erasmus University Rotterdam, South Holland, Netherlands"
University of Konstanz,"University of Konstanz, Baden-Warttemberg, Germany"
University of Münster,"University of Münster, North Rhine-Westphilia, Germany"
James Cook University Singapore,"James Cook University Singapore, Singapore, Singapore"
Christian Brothers University,"Christian Brothers University, Tennessee, United States"
St Thomas University,"St Thomas University, Florida, United States"
Leuphana University of Lüneburg,"Leuphana University of Lüneburg, Lower Saxony, Germany"
"Johnson and Wales University, Providence","Johnson and Wales University, Providence, Rhode Island, United States"
New England College,"New England College, New Hampshire, United States"
Tilburg University,"Tilburg University, North Brabant, Netherlands"
Chapman University,"Chapman University, California, United States"
Mercyhurst University,"Mercyhurst University, Pennsylvania, United States"
IÉSEG School of Management,"IÉSEG School of Management, Paris, France"
City University of New York,"City University of New York, New York, United States"
Drew University,"Drew University, New Jersey, United States"
University of Europe for Applied Sciences,"University of Europe for Applied Sciences, Berlin, Germany"
Frankfurt School of Finance & Management,"Frankfurt School of Finance & Management, Hesse, Germany"
The University of Buckingham,"The University of Buckingham, Buckinghamshire, United Kingdom"
Rennes School of Business,"Rennes School of Business, Brittany, France"
"Georgian College, Barrie","Georgian College, Barrie, Barrie, Canada"
University of Padua,"University of Padua, Padova, Italy"
Cullen College Of Engineering,"Cullen College Of Engineering, Texas, United States"
Glasgow Caledonian University,"Glasgow Caledonian University, Glasgow City, United Kingdom"
University of Chichester,"University of Chichester, West Sussex, United Kingdom"
The Hong Kong Polytechnic University,"The Hong Kong Polytechnic University, Kowloon, Hong Kong"
University of Roehampton,"University of Roehampton, London, United Kingdom"
Bay Atlantic University,"Bay Atlantic University, Washington, United States"
Tiffin University,"Tiffin University, Ohio, United States"
University of Suffolk,"University of Suffolk, Suffolk, United Kingdom"
University of Sunderland,"University of Sunderland, Sunderland, United Kingdom"
GISMA Business School,"GISMA Business School, Berlin, Germany"
Berlin School of Economics and Law,"Berlin School of Economics and Law, Berlin, Germany"
Robert Morris University,"Robert Morris University, Pennsylvania, United States"
Versailles Saint-Quentin-en-Yvelines University,"Versailles Saint-Quentin-en-Yvelines University, Versailles, France"
University of Applied Sciences Emden/Leer,"University of Applied Sciences Emden/Leer, Lower Saxony, Germany"
Arden University,"Arden University, Coventry, United Kingdom"
Berlin School of Business and Innovation,"Berlin School of Business and Innovation, Berlin, Germany"
University of Gloucestershire,"University of Gloucestershire, Gloucestershire, United Kingdom"
University of Oslo,"University of Oslo, Oslo, Norway"
University of Verona,"University of Verona, Verona, Italy"
Bocconi University,"Bocconi University, Milan, Italy"
Charles III University of Madrid,"Charles III University of Madrid, Madrid, Spain"
Norwegian University of Life Sciences,"Norwegian University of Life Sciences, Ås, Norway"
University of Milano-Bicocca,"University of Milano-Bicocca, Milano, Italy"
University of Pisa,"University of Pisa, Pisa, Italy"
Swiss Federal Institute of Technology Lausanne,"Swiss Federal Institute of Technology Lausanne, Lausanne, Switzerland"
Zurich University of Applied Sciences,"Zurich University of Applied Sciences, Zurich, Switzerland"
University of Stavanger,"University of Stavanger, Stavanger, Norway"
SUNY Buffalo State University,"SUNY Buffalo State University, New York, United States"
Regents University London,"Regents University London, London, United Kingdom"
James Cook University,"James Cook University, Queensland, Australia"
Kiel University of Applied Science,"Kiel University of Applied Science, Brandenburg, Germany"
Berliner Hochschule für Technik (BHT),"Berliner Hochschule für Technik (BHT), Berlin, Germany"
CY Cergy Paris University,"CY Cergy Paris University, Toulouse, France"
University of Niagara Falls Canada,"University of Niagara Falls Canada, Ontario, Canada"
University of Brescia,"University of Brescia, Brescia, Italy"
EDC Paris Business School,"EDC Paris Business School, Île-de-France, France"
State University of New York at Plattsburgh,"State University of New York at Plattsburgh, New York, United States"
Radford University,"Radford University, Virginia, United States"
"Oklahoma State University, Tulsa","Oklahoma State University, Tulsa, Oklahoma, United States"
Pittsburg State University,"Pittsburg State University, Kansas, United States"
Alcorn State University,"Alcorn State University, Mississippi, United States"
"Griffith University, Brisbane","Griffith University, Brisbane, Queensland, Australia"
Freiberg University of Mining and Technology,"Freiberg University of Mining and Technology, Sohag, Germany"
École de Technologie Supérieure,"École de Technologie Supérieure, Quebec, Canada"
Youngstown State University,"Youngstown State University, Ohio, United States"
Oregon Health and Science University,"Oregon Health and Science University, Oregon, United States"
Université du Québec à Trois-Rivières,"Université du Québec à Trois-Rivières, Quebec, Canada"
INP-ENSEEIHT,"INP-ENSEEIHT, Occitanie, France"
Doshisha University,"Doshisha University, Kyoto, Japan"
Niigata University,"Niigata University, Niigata, Japan"
École centrale de Lille,"École centrale de Lille, Villeneuve-d'Ascq, France"
Université de Perpignan Via Domitia,"Université de Perpignan Via Domitia, Perpignan, France"
Institut supérieur d’électronique de Paris (ISEP),"Institut supérieur d’électronique de Paris (ISEP), Paris, France"
University of Alberta,"University of Alberta, Alberta, Canada"
Oakland University,"Oakland University, Michigan, United States"
"Carnegie Mellon University, Silicon Valley","Carnegie Mellon University, Silicon Valley, California, United States"
Otto-von-Guericke University Magdeburg,"Otto-von-Guericke University Magdeburg, Saxony-Anhalt, Germany"
"University of California, Merced","University of California, Merced, California, United States"
Fairfield University,"Fairfield University, Connecticut, United States"
Darmstadt University of Applied Sciences,"Darmstadt University of Applied Sciences, Berlin, Germany"
Gannon University,"Gannon University, Pennsylvania, United States"
"James Cook University, Townsville","James Cook University, Townsville, Queensland, Australia"
Golden Gate University,"Golden Gate University, California, United States"
Wilmington University,"Wilmington University, Delaware, United States"
Murdoch University,"Murdoch University, Western Australia, Australia"
University of Cologne,"University of Cologne, North Rhine-Westphilia, Germany"
University of Koblenz and Landau,"University of Koblenz and Landau, Rhineland-Palatinate, Germany"
University of Prince Edward Island,"University of Prince Edward Island, Prince Edward Island, Canada"
Wageningen University and Research,"Wageningen University and Research, Gelderland, Netherlands"
Texas Christian University,"Texas Christian University, Texas, United States"
Sonoma State University,"Sonoma State University, California, United States"
Nipissing University,"Nipissing University, Ontario, Canada"
University of Hohenheim,"University of Hohenheim, Baden-Warttemberg, Germany"
University of the Sunshine Coast,"University of the Sunshine Coast, Queensland, Australia"
University of Greifswald (Ernst-Moritz-Arndt),"University of Greifswald (Ernst-Moritz-Arndt), Mecklenburg-Vorpommern, Germany"
Brandon University,"Brandon University, Manitoba, Canada"
University of Lausanne,"University of Lausanne, Lausanne, Switzerland"
Wesley College,"Wesley College, Delaware, United States"
"California State University, Monterey Bay","California State University, Monterey Bay, California, United States"
Universite de la Rochelle,"Universite de la Rochelle, La Rochelle, France"
"Lakeland College, Vermilion","Lakeland College, Vermilion, Alberta, Canada"
Stephen F. Austin State University,"Stephen F. Austin State University, Texas, United States"
Tohoku University,"Tohoku University, Miyagi, Japan"
Northeastern State University,"Northeastern State University, Oklahoma, United States"
Queen Margaret University,"Queen Margaret University, Edinburgh, United Kingdom"
Soas University of London,"Soas University of London, London, United Kingdom"
University of Northampton,"University of Northampton, Northamptonshire, United Kingdom"
BPP University,"BPP University, London, United Kingdom"
University College Birmingham,"University College Birmingham, Birmingham, United Kingdom"
"St Mary's University, Twickenham","St Mary's University, Twickenham, London, United Kingdom"
Baruch College - The City University of New York,"Baruch College - The City University of New York, New York, United States"
Massey University,"Massey University, Manawatu-Wanganui, New Zealand"
Webster University,"Webster University, Missouri, United States"
University of Indianapolis,"University of Indianapolis, Indiana, United States"
Linnaeus University Sweden,"Linnaeus University Sweden, Kronobergs l'n, Sweden"
"International Institute in Geneva, Switzerland","International Institute in Geneva, Switzerland, Geneva, Switzerland"
Geneva Business School,"Geneva Business School, Geneva, Switzerland"
Catholic University of Eichstätt-Ingolstadt,"Catholic University of Eichstätt-Ingolstadt, Bavaria, Germany"
Yong Siew Toh Conservatory of Music,"Yong Siew Toh Conservatory of Music, Singapore, Singapore"
S. Rajaratnam School of International Studies,"S. Rajaratnam School of International Studies, Singapore, Singapore"
The American University of Paris,"The American University of Paris, Paris, France"
Lee Kuan Yew School of Public Policy,"Lee Kuan Yew School of Public Policy, Singapore, Singapore"
American Graduate School in Paris,"American Graduate School in Paris, Paris, France"
Zeppelin University,"Zeppelin University, Baden-Warttemberg, Germany"
University of Business and International Studies,"University of Business and International Studies, Geneva, Switzerland"
The London School of Economics and Political Science,"The London School of Economics and Political Science, London, United Kingdom"
Geneva School of Diplomacy and International Relations,"Geneva School of Diplomacy and International Relations, Geneva, Switzerland"
University of Palermo,"University of Palermo, Palermo, Italy"
Institut Barcelona d'Estudis Internacionals,"Institut Barcelona d'Estudis Internacionals, Barcelona, Spain"
Schiller International University,"Schiller International University, Florida, United States"
Toronto Metropolitan University,"Toronto Metropolitan University, Ontario, Canada"
"New York Institute of Technology, Manhattan","New York Institute of Technology, Manhattan, New York, United States"
Lakehead University,"Lakehead University, Ontario, Canada"
"University of Michigan, Flint","University of Michigan, Flint, Michigan, United States"
"Saint Mary's University, Nova Scotia","Saint Mary's University, Nova Scotia, Nova Scotia, Canada"
"Macquarie University, Sydney","Macquarie University, Sydney, New South Wales, Australia"
"University of South Australia, Adelaide","University of South Australia, Adelaide, South Australia, Australia"
Southern New Hampshire University,"Southern New Hampshire University, New Hampshire, United States"
London Business School,"London Business School, London, United Kingdom"
Central Queensland University,"Central Queensland University, Queensland, Australia"
Atlantis University,"Atlantis University, Florida, United States"
University of Tampa,"University of Tampa, Florida, United States"
Saint Peter's University,"Saint Peter's University, New Jersey, United States"
Dallas Baptist University,"Dallas Baptist University, Texas, United States"
Vancouver Island University,"Vancouver Island University, British Columbia, Canada"
"Hult International Business School, Boston","Hult International Business School, Boston, Massachusetts, United States"
Carolina University,"Carolina University, North Carolina, United States"
Suffolk University,"Suffolk University, Massachusetts, United States"
INSEAD France,"INSEAD France, Île-de-France, France"
"Bond University, Gold Coast","Bond University, Gold Coast, Queensland, Australia"
Southern Connecticut State University,"Southern Connecticut State University, Connecticut, United States"
Trinity Western University,"Trinity Western University, British Columbia, Canada"
"Fanshawe College, London","Fanshawe College, London, London, Canada"
"International Institute for Management Development, Switzerland","International Institute for Management Development, Switzerland, Lausanne, Switzerland"
"Torrens University Australia, Adelaide","Torrens University Australia, Adelaide, South Australia, Australia"
"California State University, Stanislaus","California State University, Stanislaus, California, United States"
Point Park University,"Point Park University, Pennsylvania, United States"
Lee Kong Chian School of Business,"Lee Kong Chian School of Business, Singapore, Singapore"
Copenhagen Business School,"Copenhagen Business School, Hovedstaden, Denmark"
"University of Redlands, Rancho Cucamonga","University of Redlands, Rancho Cucamonga, California, United States"
Southern Utah University,"Southern Utah University, Utah, United States"
University of St. Francis,"University of St. Francis, Illinois, United States"
Humboldt State University,"Humboldt State University, California, United States"
Université Paris-Est Créteil,"Université Paris-Est Créteil, Creteil, France"
Clayton State University,"Clayton State University, Georgia, United States"
Friends University,"Friends University, Kansas, United States"
Conservatoire National des Arts et Métiers,"Conservatoire National des Arts et Métiers, Paris, France"
Wrexham Glyndwr University,"Wrexham Glyndwr University, Wales, United Kingdom"
Berlin International University of Applied Sciences,"Berlin International University of Applied Sciences, Berlin, Germany"
IESE Business School,"IESE Business School, Barcelona, Spain"
"Hult International Business School, San Francisco","Hult International Business School, San Francisco, San Francisco, United States"
"Hult International Business School, London Graduate","Hult International Business School, London Graduate, London, United Kingdom"
Siena College,"Siena College, New York, United States"
IE Business School,"IE Business School, Madrid, Spain"
EBS University,"EBS University, Dortmund, Germany"
Munich Business School,"Munich Business School, Bavaria, Germany"
SDA Bocconi School of Management,"SDA Bocconi School of Management, Milano, Italy"
Warwick Business School,"Warwick Business School, Coventry, United Kingdom"
Paris School of Business,"Paris School of Business, Paris, France"
University of the Incarnate Word,"University of the Incarnate Word, Texas, United States"
William Paterson University,"William Paterson University, New Jersey, United States"
University of Nebraska at Kearney,"University of Nebraska at Kearney, Nebraska, United States"
Barry University,"Barry University, Florida, United States"
La Sierra University,"La Sierra University, California, United States"
Amity University,"Amity University, London, United Kingdom"
Salem University,"Salem University, West Virginia, United States"
Saint Mary's University of Minnesota,"Saint Mary's University of Minnesota, Minnesota, United States"
Ohio Dominican University,"Ohio Dominican University, Ohio, United States"
The University of West Alabama,"The University of West Alabama, Alabama, United States"
Okanagan College,"Okanagan College, British Columbia, Canada"
Auckland Institute of Studies,"Auckland Institute of Studies, Auckland, New Zealand"
Illinois State University,"Illinois State University, Illinois, United States"
Wilfrid Laurier University,"Wilfrid Laurier University, Ontario, Canada"
"University of the Pacific, Stockton","University of the Pacific, Stockton, California, United States"
Arkansas Tech University,"Arkansas Tech University, Arkansas, United States"
University of Mannheim,"University of Mannheim, Baden-Warttemberg, Germany"
Saint Joseph's University,"Saint Joseph's University, Pennsylvania, United States"
Indiana Institute of Technology,"Indiana Institute of Technology, Indiana, United States"
Charles Sturt University,"Charles Sturt University, New South Wales, Australia"
Murray State University,"Murray State University, Kentucky, United States"
Sam Houston State University,"Sam Houston State University, Texas, United States"
Keio University,"Keio University, Tokyo, Japan"
Friedrich Schiller University Jena,"Friedrich Schiller University Jena, Thuringia, Germany"
Royal Holloway University of London,"Royal Holloway University of London, Surrey, United Kingdom"
University Of Phoenix,"University Of Phoenix, Arizona, United States"
University of Regensburg,"University of Regensburg, Bavaria, Germany"
Lipscomb University,"Lipscomb University, Tennessee, United States"
University of Osnabrück,"University of Osnabrück, Lower Saxony, Germany"
Tulane University of Louisiana,"Tulane University of Louisiana, Louisiana, United States"
Australian Catholic University,"Australian Catholic University, New South Wales, Australia"
University of Lübeck,"University of Lübeck, Schleswig-Holstein, Germany"
Wesleyan University,"Wesleyan University, Connecticut, United States"
Birkbeck College,"Birkbeck College, London, United Kingdom"
Abilene Christian University,"Abilene Christian University, Texas, United States"
Pepperdine University,"Pepperdine University, California, United States"
University of Northern Iowa,"University of Northern Iowa, Iowa, United States"
Southeastern Louisiana University,"Southeastern Louisiana University, Louisiana, United States"
Manchester Metropolitan University.,"Manchester Metropolitan University., Manchester, United Kingdom"
Western Carolina University,"Western Carolina University, North Carolina, United States"
Emporia State University,"Emporia State University, Kansas, United States"
Paul Valéry University Montpellier 3,"Paul Valéry University Montpellier 3, Occitanie, France"
Kristianstad University,"Kristianstad University, Sk'ne l'n, Sweden"
University of Cumbria,"University of Cumbria, London, United Kingdom"
Plymouth Marjon University,"Plymouth Marjon University, Plymouth, United Kingdom"
Liberty University,"Liberty University, Virginia, United States"
Université de Rouen,"Université de Rouen, Rouen, France"
University of Worcester,"University of Worcester, Worcester, United States"
Grand Canyon University,"Grand Canyon University, Arizona, United States"
"Alliant International University, San Diego","Alliant International University, San Diego, California, United States"
Leeds Trinity University,"Leeds Trinity University, Leeds, United Kingdom"
Morehead State University,"Morehead State University, Kentucky, United States"
Castleton University,"Castleton University, Vermont, United States"
Salem State University,"Salem State University, Massachusetts, United States"
St. Francis College,"St. Francis College, New York, United States"
University of Pavia,"University of Pavia, Pavia, Italy"
"La Trobe University, Melbourne","La Trobe University, Melbourne, Victoria, Australia"
West Virginia University Institute of Technology,"West Virginia University Institute of Technology, West Virginia, United States"
Georgia Southern University,"Georgia Southern University, Georgia, United States"
"Victoria University, Melbourne","Victoria University, Melbourne, Victoria, Australia"
"Georgia Southern University, Armstrong Campus Savannah","Georgia Southern University, Armstrong Campus Savannah, Georgia, United States"
"MCPHS University, Boston","MCPHS University, Boston, Massachusetts, United States"
La Salle University,"La Salle University, Pennsylvania, United States"
"Massachusetts College of Pharmacy and Health Science, Boston Campus","Massachusetts College of Pharmacy and Health Science, Boston Campus, Massachusetts, United States"
New York Medical College,"New York Medical College, New York, United States"
Karolinska Institute,"Karolinska Institute, Stockholms l'n, Sweden"
Icahn School of Medicine at Mount Sinai,"Icahn School of Medicine at Mount Sinai, New York, United States"
University of Bordeaux,"University of Bordeaux, Nouvelle-Aquitaine, France"
Campbell University,"Campbell University, North Carolina, United States"
"St George’s, University of London","St George’s, University of London, London, United Kingdom"
"University of Colorado, Anschutz Medical","University of Colorado, Anschutz Medical, Colorado, United States"
Université Paris Cité,"Université Paris Cité, Paris, France"
Brighton and Sussex Medical School,"Brighton and Sussex Medical School, Brighton and Hove, United Kingdom"
Norwegian University of Science and Technology,"Norwegian University of Science and Technology, Trondheim, Norway"
"University of Southern Denmark, Esbjerg","University of Southern Denmark, Esbjerg, Esbjerg, Denmark"
University of Texas Health Science Center at Houston,"University of Texas Health Science Center at Houston, Houston, United States"
Aix-Marseille University,"Aix-Marseille University, Marseille, France"
UiT The Arctic University of Norway,"UiT The Arctic University of Norway, Troms, Norway"
University of Eastern Finland,"University of Eastern Finland, Finnmark, Norway"
Mälardalen University,"Mälardalen University, Västerås, Sweden"
The University of North Texas Health Science Center at Fort Worth,"The University of North Texas Health Science Center at Fort Worth, Texas, United States"
SUNY Downstate Health Sciences University,"SUNY Downstate Health Sciences University, New York, United States"
New England Institute of Technology,"New England Institute of Technology, Rhode Island, United States"
Arcadia University,"Arcadia University, Pennsylvania, United States"
Hawaii Pacific University,"Hawaii Pacific University, Hawaii, United States"
EHESP,"EHESP, Rennes, France"
London School of Hygiene & Tropical Medicine,"London School of Hygiene & Tropical Medicine, London, United Kingdom"
Royal Tropical Institute,"Royal Tropical Institute, Amsterdam, Netherlands"
"West Virginia University, Morgantown","West Virginia University, Morgantown, West Virginia, United States"
Boston College,"Boston College, Massachusetts, United States"
Federation University of Australia,"Federation University of Australia, Victoria, Australia"
Stratford University,"Stratford University, Virginia, United States"
University of Scranton,"University of Scranton, Pennsylvania, United States"
Centennial College,"Centennial College, Ontario, Canada"
University of Lorraine,"University of Lorraine, Grand Est, France"
University of Advancing Technology,"University of Advancing Technology, Arizona, United States"
University of Wisconsin–La Crosse,"University of Wisconsin–La Crosse, Wisconsin, United States"
